{
  "type": "package",
  "name": "lamdera/containers",
  "summary": "Various data structures including Dict and Set",
  "license": "BSD-3-Clause",
  "version": "1.0.0",
  "exposed-modules": [
    "SeqDict",
    "SeqSet",
    "BiSeqDict",
    "MultiSeqDict",
    "MultiBiSeqDict"
  ],
  "elm-version": "0.19.0 <= v < 0.20.0",
  "dependencies": {
    "elm/bytes": "1.0.8 <= v < 2.0.0",
    "elm/core": "1.0.0 <= v < 2.0.0",
    "lamdera/codecs": "1.0.0 <= v < 2.0.0"
  },
  "test-dependencies": {
    "elm-community/random-extra": "3.2.0 <= v < 4.0.0",
    "elm-explorations/test": "2.0.0 <= v < 3.0.0"
  }
}